{
  "Cart - View Cart" : {
    "transaction" : "Cart - View Cart",
    "sampleCount" : 15,
    "errorCount" : 4,
    "errorPct" : 26.666666,
    "meanResTime" : 2326.5333333333338,
    "medianResTime" : 2573.0,
    "minResTime" : 1.0,
    "maxResTime" : 5337.0,
    "pct1ResTime" : 4779.6,
    "pct2ResTime" : 5337.0,
    "pct3ResTime" : 5337.0,
    "throughput" : 0.2476841531678803,
    "receivedKBytesPerSec" : 0.35562671314872607,
    "sentKBytesPerSec" : 0.06809701685077856
  },
  "Checkout" : {
    "transaction" : "Checkout",
    "sampleCount" : 15,
    "errorCount" : 10,
    "errorPct" : 66.666664,
    "meanResTime" : 3205.7333333333336,
    "medianResTime" : 3216.0,
    "minResTime" : 1.0,
    "maxResTime" : 7622.0,
    "pct1ResTime" : 6893.6,
    "pct2ResTime" : 7622.0,
    "pct3ResTime" : 7622.0,
    "throughput" : 0.24477007930550568,
    "receivedKBytesPerSec" : 0.37854903866551354,
    "sentKBytesPerSec" : 0.07226772849286904
  },
  "Cart - Add Item" : {
    "transaction" : "Cart - Add Item",
    "sampleCount" : 15,
    "errorCount" : 4,
    "errorPct" : 26.666666,
    "meanResTime" : 2458.0666666666666,
    "medianResTime" : 2833.0,
    "minResTime" : 1.0,
    "maxResTime" : 5018.0,
    "pct1ResTime" : 4499.0,
    "pct2ResTime" : 5018.0,
    "pct3ResTime" : 5018.0,
    "throughput" : 0.24490195758298097,
    "receivedKBytesPerSec" : 0.3327063247971395,
    "sentKBytesPerSec" : 0.0782378844960734
  },
  "Browse - Get Specific Product" : {
    "transaction" : "Browse - Get Specific Product",
    "sampleCount" : 15,
    "errorCount" : 4,
    "errorPct" : 26.666666,
    "meanResTime" : 3205.7333333333336,
    "medianResTime" : 2595.0,
    "minResTime" : 1.0,
    "maxResTime" : 10980.0,
    "pct1ResTime" : 9801.0,
    "pct2ResTime" : 10980.0,
    "pct3ResTime" : 10980.0,
    "throughput" : 0.2449699503527567,
    "receivedKBytesPerSec" : 0.31691392470440294,
    "sentKBytesPerSec" : 0.06792493610367129
  },
  "Total" : {
    "transaction" : "Total",
    "sampleCount" : 90,
    "errorCount" : 30,
    "errorPct" : 33.333332,
    "meanResTime" : 2598.3,
    "medianResTime" : 2631.5,
    "minResTime" : 0.0,
    "maxResTime" : 10980.0,
    "pct1ResTime" : 4993.500000000002,
    "pct2ResTime" : 6954.300000000004,
    "pct3ResTime" : 10980.0,
    "throughput" : 1.396106414333359,
    "receivedKBytesPerSec" : 2.368760543511983,
    "sentKBytesPerSec" : 0.3898524150701931
  },
  "Auth - login" : {
    "transaction" : "Auth - login",
    "sampleCount" : 15,
    "errorCount" : 4,
    "errorPct" : 26.666666,
    "meanResTime" : 2457.6666666666665,
    "medianResTime" : 2422.0,
    "minResTime" : 0.0,
    "maxResTime" : 9618.0,
    "pct1ResTime" : 6288.000000000002,
    "pct2ResTime" : 9618.0,
    "pct3ResTime" : 9618.0,
    "throughput" : 0.26485388893793593,
    "receivedKBytesPerSec" : 0.38077919462346604,
    "sentKBytesPerSec" : 0.06928274256201995
  },
  "Browse - Get All Products" : {
    "transaction" : "Browse - Get All Products",
    "sampleCount" : 15,
    "errorCount" : 4,
    "errorPct" : 26.666666,
    "meanResTime" : 1936.0666666666666,
    "medianResTime" : 2415.0,
    "minResTime" : 1.0,
    "maxResTime" : 4097.0,
    "pct1ResTime" : 3749.6000000000004,
    "pct2ResTime" : 4097.0,
    "pct3ResTime" : 4097.0,
    "throughput" : 0.2556237218813906,
    "receivedKBytesPerSec" : 0.7944472403289026,
    "sentKBytesPerSec" : 0.06312374850886163
  }
}